,train_weeks,test_weeks,horizon,model,mae,mse,rmse,nrmse,mase
0,0-52,53-104,0,SNaive,0.04462989840348331,0.0034555823315168283,0.0587842013768736,0.8950787789760419,1.0
1,0-52,53-104,0,SARIMAX,0.07540624457940096,0.008152271544412905,0.0902899304707502,1.3748013722507595,1.6895903256977969
2,0-52,53-104,0,RF,0.0434674174096344,0.0030743680431005943,0.05544698407578715,0.8442645752092228,0.9739528648857918
3,0-52,53-104,0,XGB,0.047642231353184177,0.0036387589900947754,0.0603221268697878,0.9184960312327908,1.0674958504827283
4,0-52,53-104,0,ENet,0.033795802207600076,0.0018104640008831845,0.04254954759904251,0.6478815092981277,0.7572457795459009
5,0-52,53-104,1,SNaive,0.04136429608127722,0.00297806501081688,0.05457165024824593,0.8218550168533649,1.0
6,0-52,53-104,1,SARIMAX,0.048228202447801065,0.0037575268269007143,0.061298669046731466,0.9231646551518684,1.1659379468959623
7,0-52,53-104,1,RF,0.03948723708157669,0.0026369803905161287,0.05135153737246947,0.773359765019267,0.9546212754107486
8,0-52,53-104,1,XGB,0.04481507147998915,0.0033784680266238025,0.058124590550160456,0.8753626860996842,1.0834240087618427
9,0-52,53-104,1,ENet,0.03259542690162362,0.0017945635491907323,0.04236228923453892,0.6379807056305424,0.7880087415866199
10,0-52,53-104,2,SNaive,0.0498911465892598,0.003870628748254239,0.06221437734361921,0.90481701297633,1.0
11,0-52,53-104,2,SARIMAX,0.05578147857980299,0.004795358571863397,0.06924852757902797,1.0071184274818,1.118063672479542
12,0-52,53-104,2,RF,0.03949413113092359,0.0028308753825120074,0.053205971305033115,0.7738029388742547,0.791606002886003
13,0-52,53-104,2,XGB,0.052143687486421474,0.00532307768442506,0.07295942491840969,1.061087995119457,1.045149110636928
14,0-52,53-104,2,ENet,0.03400128707177479,0.0018714687306817493,0.043260475386682345,0.6291602647266308,0.6815094339622642
15,0-52,53-104,3,SNaive,0.044629898403483304,0.0037311389215981604,0.06108304938031631,0.8883635044440724,1.0
16,0-52,53-104,3,SARIMAX,0.049766087281066455,0.004423618576844897,0.06651028925545954,0.9672947608867889,1.1150840369643835
17,0-52,53-104,3,RF,0.03481065553942913,0.002120929392203552,0.046053549181399166,0.6697814329495309,0.7799850948509487
18,0-52,53-104,3,XGB,0.03675951801391835,0.0022606537003623754,0.04754633214415572,0.6914917751413887,0.8236522898077966
19,0-52,53-104,3,ENet,0.03402867157762138,0.001870354925130673,0.04324760022395084,0.6289730143388312,0.7624635680319067
20,0-52,53-104,4,SNaive,0.052975326560232225,0.004186406331297752,0.06470244455426512,0.9410023070794441,1.0
21,0-52,53-104,4,SARIMAX,0.05197775826485054,0.00417405417900881,0.06460692051946765,0.939613049876796,0.9811691902597814
22,0-52,53-104,4,RF,0.03686894718881749,0.0020240862940234246,0.04498984656590223,0.6543114360719078,0.695964509947815
23,0-52,53-104,4,XGB,0.042236312120174244,0.00284278694567382,0.05331779201799171,0.7754292073962277,0.7972827137205494
24,0-52,53-104,4,ENet,0.03406974833639127,0.0018691594730020013,0.043233776992092667,0.6287719756739176,0.6431248384595503
25,0-52,53-104,5,SNaive,0.04517416545718433,0.00370118711832845,0.06083738257295797,0.8894844900322131,1.0
26,0-52,53-104,5,SARIMAX,0.04516423239031417,0.003204222445789081,0.05660585169210937,0.8276165902570474,0.9997801162064727
27,0-52,53-104,5,RF,0.04188664846683716,0.002849740249053533,0.05338295841421242,0.7804956678491748,0.9272257283100659
28,0-52,53-104,5,XGB,0.04429802824222687,0.003463387824363721,0.05885055500472125,0.8604357007586831,0.9806053480769256
29,0-52,53-104,5,ENet,0.03421351699208588,0.0018702939948488859,0.04324689578280603,0.6322994417899916,0.75736909903766
30,0-52,53-104,6,SNaive,0.04580914368650217,0.004049055919160939,0.06363219247488601,0.9466684073456724,1.0
31,0-52,53-104,6,SARIMAX,0.04504244481105236,0.0031738540373666803,0.05633696865617355,0.8381359547444764,0.9832631912812698
32,0-52,53-104,6,RF,0.03715548975395673,0.0022045833079483365,0.04695299040474778,0.698528699354844,0.8110933050447902
33,0-52,53-104,6,XGB,0.0388151889245184,0.002416574204880605,0.04915866357907429,0.7313429248255261,0.8473240449581998
34,0-52,53-104,6,ENet,0.03319857874414656,0.0017985006054471503,0.04240873265551743,0.6309228998575224,0.7247151130207362
35,0-52,53-104,7,SNaive,0.0362844702467344,0.00228061587753649,0.04775579417763346,0.7332310236967009,1.0
36,0-52,53-104,7,SARIMAX,0.053543194607636485,0.00413480658389097,0.06430246172496797,0.9872845933928228,1.4756504433864612
37,0-52,53-104,7,RF,0.04417875429078259,0.002693939061663338,0.05190317005408569,0.7969088393819507,1.2175664682539682
38,0-52,53-104,7,XGB,0.04456482823135221,0.002745619319082525,0.052398657607638434,0.8045164365830167,1.2282066660560667
39,0-52,53-104,7,ENet,0.03175918065558508,0.001491884347247506,0.03862491873451006,0.5930377494836195,0.8752830188679246
40,0-52,53-104,8,SNaive,0.04045718432510886,0.002606662650272477,0.05105548599585041,0.7838937014181822,1.0
41,0-52,53-104,8,SARIMAX,0.04490943772910862,0.003227601220734323,0.056811981313225846,0.8722775515278575,1.1100485236002093
42,0-52,53-104,8,RF,0.03711278386838529,0.0022587065771114785,0.04752585167160583,0.7297005415428727,0.9173348192042139
43,0-52,53-104,8,XGB,0.03876954739364554,0.0024632060090563988,0.049630696237876804,0.7620178207887937,0.958285853066252
44,0-52,53-104,8,ENet,0.03295687148013787,0.0015345688066317187,0.03917357280912374,0.6014616527127855,0.8146111013386544
45,0-104,105-156,0,SNaive,0.04653483309143687,0.0035330291371142206,0.05943928950714519,0.7008114732906616,1.0
46,0-104,105-156,0,SARIMAX,0.03844237197933797,0.002412164905603444,0.04911379547136877,0.5790700334506624,0.8260988473688532
47,0-104,105-156,0,RF,0.04092080605755313,0.0027621877667535237,0.05255651973593308,0.6196610412501886,0.8793586081451573
48,0-104,105-156,0,XGB,0.04339326076014901,0.0030323518460888105,0.05506679440542014,0.6492581192784509,0.932489876452013
49,0-104,105-156,0,ENet,0.0372511922040224,0.0021211070689469203,0.04605547816435001,0.5430113275762508,0.8005012531328322
50,0-104,105-156,1,SNaive,0.05070754716981132,0.004089276912123121,0.06394745430525847,0.7572037983471207,1.0
51,0-104,105-156,1,SARIMAX,0.038107216234423605,0.0022595766692285785,0.04753500467264707,0.5628634710110217,0.7515097527160748
52,0-104,105-156,1,RF,0.03847319684629191,0.0021916056283281925,0.04681458777270385,0.5543329920583107,0.7587272308291986
53,0-104,105-156,1,XGB,0.038709176857663445,0.002312289536214851,0.04808627180614911,0.5693910423104058,0.7633809761697349
54,0-104,105-156,1,ENet,0.03752073398299813,0.0021202792465125275,0.04604649005638244,0.5452379230736413,0.7399437771530794
55,0-104,105-156,2,SNaive,0.04417634252539914,0.0029930409124517346,0.05470869137944843,0.6605789855060674,1.0
56,0-104,105-156,2,SARIMAX,0.04009856203077469,0.0023172160241171314,0.0481374700635288,0.5812349068787969,0.9076931166884191
57,0-104,105-156,2,RF,0.04156737838640959,0.002501323370152962,0.05001323195068443,0.603883755776939,0.9409420520159736
58,0-104,105-156,2,XGB,0.0451113333816117,0.0030544613570908995,0.05526718155552081,0.6673224638204397,1.0211649675541832
59,0-104,105-156,2,ENet,0.035658131176999106,0.001942781930163052,0.04407700001319341,0.5322068435327976,0.8071770802776962
60,0-104,105-156,3,SNaive,0.04335994194484761,0.0030174302379713564,0.0549311408762949,0.6683895110599062,1.0
61,0-104,105-156,3,SARIMAX,0.04165159741208075,0.002510686796759791,0.05010675400342544,0.6096874791763377,0.9606008574702471
62,0-104,105-156,3,RF,0.039745125676411946,0.002641266706731079,0.05139325545955499,0.6253413335387794,0.9166323545120613
63,0-104,105-156,3,XGB,0.045049688572345196,0.0036976704597569544,0.06080847358515879,0.7399035461399454,1.0389702234760112
64,0-104,105-156,3,ENet,0.036258552767986736,0.0019729593373620236,0.04441800690443037,0.5404681105015898,0.836222355050807
65,0-104,105-156,4,SNaive,0.04780478955007257,0.0033396260645726645,0.05778949787437735,0.7118116475610455,1.0
66,0-104,105-156,4,SARIMAX,0.03712473891548672,0.002081253513859604,0.045620757488884424,0.5619253972709071,0.776590363955077
67,0-104,105-156,4,RF,0.038431225556112156,0.0024303749751221305,0.049298833405285875,0.6072294295641021,0.8039199820314619
68,0-104,105-156,4,XGB,0.03922719373982752,0.002506970748550055,0.050069658961790976,0.6167239334019928,0.8205703677188967
69,0-104,105-156,4,ENet,0.036022703711382956,0.0019558695195360507,0.04422521361775487,0.5447360390191391,0.7535375440498779
70,0-104,105-156,5,SNaive,0.052703193033381716,0.004193680340663252,0.06475863139893594,0.792340901822275,1.0
71,0-104,105-156,5,SARIMAX,0.035680084816337235,0.0020203988984839327,0.04494884757681706,0.549962370351644,0.6770004389247877
72,0-104,105-156,5,RF,0.03715571599068969,0.002196893041286352,0.04687102560523241,0.5734807838757847,0.7049993340470966
73,0-104,105-156,5,XGB,0.03936294487183129,0.002424811530668528,0.04924237535566829,0.6024949455281767,0.7468796975336801
74,0-104,105-156,5,ENet,0.03609008915612689,0.0019549159519217495,0.04421443148929713,0.5409765735161061,0.6847799360708138
75,0-104,105-156,6,SNaive,0.056059506531204645,0.0045646548183038045,0.06756222922834773,0.8184681483662698,1.0
76,0-104,105-156,6,SARIMAX,0.04296079921474046,0.0027634748728812743,0.05256876328088073,0.636833018031241,0.7663428002318752
77,0-104,105-156,6,RF,0.0391688583222736,0.002474629829419595,0.04974565136189891,0.6026330336412897,0.6987014468361555
78,0-104,105-156,6,XGB,0.040623304369914806,0.0026697298148444172,0.05166942824189578,0.625938216416109,0.7246461284367974
79,0-104,105-156,6,ENet,0.03688057225793075,0.0019895374421642032,0.04460423121368872,0.5403484009886863,0.6578825705039297
80,0-104,105-156,7,SNaive,0.05324746008708274,0.0043930737738587505,0.06628026685114319,0.7968087914580181,1.0
81,0-104,105-156,7,SARIMAX,0.04198912670399649,0.0025437231236136995,0.05043533606127453,0.6063240400648751,0.7885658139435386
82,0-104,105-156,7,RF,0.04056674581465946,0.0024661155969306786,0.04965999996909664,0.5970030966841019,0.7618531616027355
83,0-104,105-156,7,XGB,0.04160590033440247,0.0026378880449837864,0.051360374268338296,0.6174446738649525,0.7813687313227474
84,0-104,105-156,7,ENet,0.03748054232005257,0.0020463572262668034,0.04523668009775699,0.5438267845121844,0.703893523911856
85,0-104,105-156,8,SNaive,0.05760159651669086,0.004945042719829122,0.07032099771639423,0.8344657468520236,1.0
86,0-104,105-156,8,SARIMAX,0.03884706731529113,0.002235025188396788,0.04727605301203547,0.5610023771847997,0.6744095591870385
87,0-104,105-156,8,RF,0.0381695869316742,0.002236659088362305,0.047293330273541795,0.561207398208315,0.6626480729681518
88,0-104,105-156,8,XGB,0.04109459649974208,0.002648930355015198,0.05146776034582424,0.6107433692705774,0.7134280815955223
89,0-104,105-156,8,ENet,0.037644323738282505,0.0020254233406583914,0.045004703539278997,0.5340493561001202,0.6535291730564193
90,0-156,157-208,0,SNaive,0.05751088534107403,0.005434112878933099,0.0737164356092527,0.6963581715136262,1.0
91,0-156,157-208,0,SARIMAX,0.0472929084351578,0.004174418016325806,0.06460973623476424,0.6103322470026058,0.8223296886264662
92,0-156,157-208,0,RF,0.05197982842356615,0.00490803126402901,0.07005734268461093,0.661792755574251,0.9038259125258568
93,0-156,157-208,0,XGB,0.051338601829713906,0.004776571168681127,0.06911274244798224,0.6528696424563464,0.8926762564207666
94,0-156,157-208,0,ENet,0.046405410777181015,0.004270972807062377,0.06535268018270082,0.6173504253077069,0.8068978681508572
95,0-156,157-208,1,SNaive,0.05478955007256894,0.005502574143549579,0.07417933771306925,0.6983373347129597,1.0
96,0-156,157-208,1,SARIMAX,0.046727539557248475,0.004213954300620124,0.06491497747531091,0.6111210176668043,0.8528549603958728
97,0-156,157-208,1,RF,0.05794412529869128,0.0055394791791088345,0.07442767750715344,0.7006752492219128,1.0575762206833983
98,0-156,157-208,1,XGB,0.056661948811057385,0.005286227936701291,0.07270645044768237,0.6844713148891979,1.0341743769753255
99,0-156,157-208,1,ENet,0.04597901047396301,0.004242546724275666,0.06513483495239446,0.6131907946329606,0.8391930653393513
100,0-156,157-208,2,SNaive,0.05605950653120465,0.004995960785387627,0.07068211078757924,0.6575523960525517,1.0
101,0-156,157-208,2,SARIMAX,0.04713778158287764,0.004458891902857833,0.06677493469003046,0.6212041181627813,0.8408525957437589
102,0-156,157-208,2,RF,0.04727120437919604,0.004214014158526554,0.0649154385221771,0.6039053116189709,0.8432326166282477
103,0-156,157-208,2,XGB,0.050293031184432596,0.004417667957155265,0.06646553962133508,0.6183258301988169,0.8971365303837943
104,0-156,157-208,2,ENet,0.04650343693974317,0.004245170633115471,0.06515497397064533,0.6061336987783917,0.8295370369315997
105,0-156,157-208,3,SNaive,0.06213715529753267,0.005912913848344608,0.07689547352311843,0.7135485691236175,1.0
106,0-156,157-208,3,SARIMAX,0.046650139625790316,0.003954521670685526,0.06288498764161067,0.5835388078797273,0.7507607872039596
107,0-156,157-208,3,RF,0.05090582371542249,0.005030611748115496,0.07092680556824406,0.6581625459463994,0.8192493439982735
108,0-156,157-208,3,XGB,0.05512950738759492,0.005658864476378127,0.07522542440144905,0.6980514129642882,0.8872229042932063
109,0-156,157-208,3,ENet,0.0466174553724127,0.004270338837670853,0.06534782963244344,0.6063926547710914,0.7502347854386533
110,0-156,157-208,4,SNaive,0.055787373004354136,0.005390896705643948,0.07342272608425778,0.6733877972985505,1.0
111,0-156,157-208,4,SARIMAX,0.04797472827187125,0.004084476862310705,0.0639099120818571,0.5861421553996611,0.859956755234323
112,0-156,157-208,4,RF,0.04554808892689088,0.00397092139621542,0.06301524733122468,0.5779368440760573,0.8164587517561708
113,0-156,157-208,4,XGB,0.04663670631206672,0.004114898452689448,0.06414747425027308,0.5883209285649005,0.8359724396491439
114,0-156,157-208,4,ENet,0.0459538422428501,0.0040642835114062074,0.06375173339922773,0.5846914384301883,0.8237319624149261
115,0-156,157-208,5,SNaive,0.06250000000000001,0.006679680012049184,0.08172930938194195,0.7433860615730429,1.0
116,0-156,157-208,5,SARIMAX,0.04428513783018447,0.003803575737579279,0.06167313627163191,0.5609609358568235,0.7085622052829514
117,0-156,157-208,5,RF,0.055480078897174906,0.005373380987749162,0.07330334908958226,0.6667459738973224,0.8876812623547983
118,0-156,157-208,5,XGB,0.059405352603319736,0.0060272457381833466,0.07763533820486226,0.7061484887544567,0.9504856416531156
119,0-156,157-208,5,ENet,0.04775105617852885,0.004345199754316466,0.06591812917791634,0.5995721584631598,0.7640168988564614
120,0-156,157-208,6,SNaive,0.05687590711175618,0.005252262644795575,0.07247249578147268,0.6527261384762703,1.0
121,0-156,157-208,6,SARIMAX,0.04588276816457189,0.003986211927488074,0.06313645482198121,0.5686407499652949,0.8067171231997455
122,0-156,157-208,6,RF,0.054343286219398754,0.005291749423330303,0.07274441162955614,0.6551751583367866,0.9554711120935435
123,0-156,157-208,6,XGB,0.05790361510731649,0.005874673441844703,0.0766464183236549,0.6903187218954017,1.0180693029394847
124,0-156,157-208,6,ENet,0.048659323491074484,0.004467263919954329,0.06683759361283385,0.601975189532582,0.855534899785654
125,0-156,157-208,7,SNaive,0.06159288824383165,0.006090913136347455,0.07804430239516177,0.7145850411995542,1.0
126,0-156,157-208,7,SARIMAX,0.04793676118320837,0.0043368309716781345,0.06585461997216395,0.602974527054099,0.7782840284001311
127,0-156,157-208,7,RF,0.056783186053668104,0.005572534189930463,0.0746494085035539,0.6835008964644336,0.9219114036165494
128,0-156,157-208,7,XGB,0.05962981517779464,0.00600175472833242,0.07747099281881199,0.7093357349124446,0.9681282511340324
129,0-156,157-208,7,ENet,0.04781426286365514,0.004367954952433598,0.06609050576621121,0.6051343318660402,0.7762951897038795
130,0-156,157-208,8,SNaive,0.05433599419448476,0.00503318659802284,0.07094495470449495,0.6517476505519603,1.0
131,0-156,157-208,8,SARIMAX,0.04609850295584619,0.003727954268552262,0.061056975592902255,0.5609100824467953,0.848397156235807
132,0-156,157-208,8,RF,0.046127256471319884,0.004424445172212946,0.06651650300649416,0.6110649409529929,0.848926336126595
133,0-156,157-208,8,XGB,0.04749629973786707,0.004701701179046481,0.0685689520048723,0.6299201057514268,0.8741222175463216
134,0-156,157-208,8,ENet,0.04672438549791884,0.00414019168594388,0.06434432131854279,0.5911098318463464,0.8599159027196281
135,0-208,209-260,0,SNaive,0.05959724238026125,0.00533441616233535,0.07303708758114161,0.6017644644951459,1.0
136,0-208,209-260,0,SARIMAX,0.07425026498172606,0.009207697608827307,0.09595674863618144,0.7906032862221706,1.2458674599064659
137,0-208,209-260,0,RF,0.06249489624704234,0.006114450412649137,0.07819495132455251,0.6442609442465373,1.0486206030858367
138,0-208,209-260,0,XGB,0.06222785917260782,0.006260095866362931,0.07912076760473782,0.6518888954219954,1.0441399079434226
139,0-208,209-260,0,ENet,0.06184010778656531,0.006070339540265852,0.07791238374139153,0.6419328238902096,1.037633711170618
140,0-208,209-260,1,SNaive,0.06250000000000001,0.005777702850727059,0.07601120213973109,0.6207018462136263,1.0
141,0-208,209-260,1,SARIMAX,0.07694042557545971,0.009045698685673153,0.0951088780591652,0.7766520531290646,1.2310468092073552
142,0-208,209-260,1,RF,0.06487495245944991,0.006481075091131976,0.08050512462652286,0.6573988843576208,1.0379992393511983
143,0-208,209-260,1,XGB,0.06790989724559648,0.006914903059728754,0.0831558961212538,0.6790448880301496,1.0865583559295435
144,0-208,209-260,1,ENet,0.062308580052220515,0.0060096577969417685,0.07752198266905826,0.6330387681064432,0.996937280835528
145,0-208,209-260,2,SNaive,0.05596879535558782,0.0046660630665169645,0.06830858706280613,0.5561549954064806,1.0
146,0-208,209-260,2,SARIMAX,0.07572287093473463,0.009668314556488164,0.09832758797249205,0.8005637590906591,1.352948021368743
147,0-208,209-260,2,RF,0.06661565296802051,0.006878332023250667,0.08293571018114372,0.6752461366594744,1.190228457568003
148,0-208,209-260,2,XGB,0.06670371807857547,0.006899583929100385,0.08306373413891519,0.676288482383605,1.191801925604888
149,0-208,209-260,2,ENet,0.06182901525010867,0.006015726251290436,0.07756111300961607,0.6314872302939495,1.1047051282288458
150,0-208,209-260,3,SNaive,0.061592888243831655,0.005797385464304298,0.07614056385596508,0.6144755314408192,1.0
151,0-208,209-260,3,SARIMAX,0.0768583622256217,0.009169701327221313,0.0957585574620948,0.7727981972636406,1.2478447498899168
152,0-208,209-260,3,RF,0.07170153314197408,0.006950808453074855,0.0833715086409911,0.6728312673925959,1.164120326004598
153,0-208,209-260,3,XGB,0.0720847459835729,0.00714996172755677,0.0845574463164349,0.6824021143428831,1.1703420319925
154,0-208,209-260,3,ENet,0.062195722287378574,0.006068450963367907,0.07790026292232849,0.6286767924273421,1.0097873969014157
155,0-208,209-260,4,SNaive,0.06141146589259797,0.005249695347372457,0.07245478139758933,0.5847302416742495,1.0
156,0-208,209-260,4,SARIMAX,0.07684328894824236,0.00879628468691125,0.09378851042058003,0.7568993696021041,1.2512856977332698
157,0-208,209-260,4,RF,0.06420366148133118,0.006300228499192855,0.07937397872850305,0.6405700889480364,1.04546700763692
158,0-208,209-260,4,XGB,0.06399591654439082,0.006366449752098543,0.07979003541858183,0.6439277821774861,1.042084171322547
159,0-208,209-260,4,ENet,0.06425130778917312,0.006278042379246668,0.07923409858922273,0.6394412173115603,1.046242861252355
160,0-208,209-260,5,SNaive,0.0599600870827286,0.005785404742996413,0.07606184814344451,0.604982549735449,1.0
161,0-208,209-260,5,SARIMAX,0.07970530539309524,0.009993689234690935,0.09996844119366338,0.795131382192601,1.3293060312458123
162,0-208,209-260,5,RF,0.06463409804001832,0.006593594233623412,0.08120094970887602,0.6458580588677123,1.0779520375085656
163,0-208,209-260,5,XGB,0.06317332195028859,0.006477024805575003,0.08047996524337596,0.6401234753556829,1.0535895630559475
164,0-208,209-260,5,ENet,0.06670081979277696,0.007020013994108008,0.08378552377414614,0.6664153059784899,1.1124203288889156
165,0-208,209-260,6,SNaive,0.06467706821480407,0.006586401539009228,0.08115664815040866,0.6418012117719548,1.0
166,0-208,209-260,6,SARIMAX,0.08133051349344406,0.010332102128240308,0.10164694844529426,0.8038421518371047,1.2574860880108376
167,0-208,209-260,6,RF,0.06669313853392987,0.006936959448814404,0.08328841125159253,0.658659573628089,1.0311713312735524
168,0-208,209-260,6,XGB,0.06536038008725328,0.006458723325491444,0.08036618272315442,0.6355500705452327,1.0105649790769708
169,0-208,209-260,6,ENet,0.06502786871943131,0.006691459496882993,0.08180134165698624,0.6468995627163676,1.0054238776479814
170,0-208,209-260,7,SNaive,0.06231857764876632,0.00585044294438207,0.07648818826709174,0.6014306615238368,1.0
171,0-208,209-260,7,SARIMAX,0.07900309349237651,0.009485210034474896,0.09739204297310379,0.7657987744190414,1.2677294070741758
172,0-208,209-260,7,RF,0.06501083277549412,0.006657230894920324,0.08159185556733174,0.6415610668860664,1.0432014854687732
173,0-208,209-260,7,XGB,0.06287749476341534,0.006370337383958454,0.07981439333828488,0.627584787561521,1.0089687078193461
174,0-208,209-260,7,ENet,0.06395137259265356,0.0064157226804279965,0.0800982064744773,0.6298164252315532,1.0262007735973988
175,0-208,209-260,8,SNaive,0.07338534107402034,0.007660387627680259,0.08752364039321181,0.6804376669215564,1.0
176,0-208,209-260,8,SARIMAX,0.08152134980602445,0.010100400785214157,0.10050075017239501,0.7813260013402558,1.110866947171339
177,0-208,209-260,8,RF,0.07158786873352817,0.007597198597107452,0.08716191024241869,0.677625457343035,0.9755063843243688
178,0-208,209-260,8,XGB,0.06913932558981749,0.00710716387202044,0.0843039967737025,0.6554070948048635,0.9421408223759552
179,0-208,209-260,8,ENet,0.06934710863031332,0.007476741703686748,0.08646815427477765,0.6722319694817693,0.944972219456828
180,0-260,261-312,0,SNaive,0.07955370101596518,0.011098854643042964,0.10535110176473222,0.722707246953583,1.0
181,0-260,261-312,0,SARIMAX,0.09438902055454723,0.013837251600640024,0.11763184773113115,0.8069530114424329,1.1864818273584135
182,0-260,261-312,0,RF,0.07534405440261327,0.00914971086382412,0.09565412099760323,0.656186079575344,0.94708421406432
183,0-260,261-312,0,XGB,0.074825358738601,0.009457268820600443,0.09724849006848611,0.6671234315587995,0.9405641445089364
184,0-260,261-312,0,ENet,0.07198679022849484,0.008478417079008175,0.09207832035288314,0.6316561316553725,0.9048829823020833
185,0-260,261-312,1,SNaive,0.08653846153846152,0.010077498151545856,0.10038674290734736,0.6925303215335403,1.0
186,0-260,261-312,1,SARIMAX,0.09109573984741136,0.013221125680278747,0.11498315389777211,0.7932254621833791,1.0526618826811982
187,0-260,261-312,1,RF,0.07236953550249767,0.009025308596083564,0.09500162417602956,0.6553804160929598,0.8362701880288621
188,0-260,261-312,1,XGB,0.07548217548676515,0.009379009202297782,0.09684528487385322,0.6680991367017258,0.8722384722915086
189,0-260,261-312,1,ENet,0.07168893782426639,0.00843072033649603,0.09181895412438561,0.6334243743849981,0.8284055037470783
190,0-260,261-312,2,SNaive,0.08581277213352687,0.011320925870142674,0.10639983961521124,0.744258776597772,1.0
191,0-260,261-312,2,SARIMAX,0.10907037163887691,0.017711112435223844,0.13308310349260663,0.9309061756995529,1.2710272483583285
192,0-260,261-312,2,RF,0.07138872192415299,0.00792285466717337,0.08901041886865475,0.6226211025431788,0.8319125480886496
193,0-260,261-312,2,XGB,0.07441439749118811,0.008699866195666482,0.09327307326161437,0.652438045454338,0.8671715834491095
194,0-260,261-312,2,ENet,0.07108697707266348,0.008335154356641863,0.09129706652813037,0.6386160288109829,0.8283962317643151
195,0-260,261-312,3,SNaive,0.09071117561683598,0.01190798121422899,0.1091236968500838,0.7691685639867799,1.0
196,0-260,261-312,3,SARIMAX,0.08978603092841855,0.01335658185264419,0.11557067903514365,0.8146107197464344,0.9898012049548863
197,0-260,261-312,3,RF,0.07151019280567023,0.008317287585865574,0.09119916439236476,0.6428258236965659,0.7883283654897087
198,0-260,261-312,3,XGB,0.07264260924725384,0.008745702024182673,0.09351845820041449,0.6591735826095712,0.8008121243417264
199,0-260,261-312,3,ENet,0.07191345667272799,0.008364073037610668,0.09145530622993216,0.6446312633495984,0.7927739463601534
200,0-260,261-312,4,SNaive,0.07746734397677793,0.009898643097735301,0.09949192478656396,0.7030762684917186,1.0
201,0-260,261-312,4,SARIMAX,0.08676008855268476,0.011809775395282433,0.10867279050103772,0.767954386207333,1.1199569276402774
202,0-260,261-312,4,RF,0.0750482704670113,0.009513732343344294,0.09753836344405362,0.6892711016713121,0.9687729901971109
203,0-260,261-312,4,XGB,0.07599232362039895,0.00970605384909102,0.09851930698645327,0.6962031027042697,0.9809594561958761
204,0-260,261-312,4,ENet,0.07148805253880074,0.008337254972072782,0.09130857009105324,0.6452472286434427,0.922815329259648
205,0-260,261-312,5,SNaive,0.08354499274310598,0.010810461565846046,0.10397336950318599,0.7447709066946864,1.0
206,0-260,261-312,5,SARIMAX,0.08633064185697863,0.012645361033113854,0.11245159417773433,0.8055012178137383,1.033343100794063
207,0-260,261-312,5,RF,0.07044290231253815,0.00849333336097114,0.09215928255455953,0.6601455041465005,0.8431732411437788
208,0-260,261-312,5,XGB,0.07044247665451987,0.008520021694811884,0.09230396359210087,0.6611818678618063,0.8431681461883027
209,0-260,261-312,5,ENet,0.06931202698118769,0.007937186982020174,0.08909089168944362,0.6381663352725319,0.8296371177422506
210,0-260,261-312,6,SNaive,0.07021044992743106,0.008265841936632252,0.09091667578960558,0.6533672971998774,1.0
211,0-260,261-312,6,SARIMAX,0.0948054636667175,0.01460478046165689,0.12085023980802392,0.8684830792983415,1.3503041750153666
212,0-260,261-312,6,RF,0.07264406610719455,0.008631663767101432,0.09290674769413378,0.6676688308866563,1.0346617374234015
213,0-260,261-312,6,XGB,0.07551359509946495,0.009259604614360241,0.09622683936594946,0.691528472731569,1.0755321348533613
214,0-260,261-312,6,ENet,0.06863603756902391,0.007786347727948724,0.08824028404276997,0.6341335666802452,0.9775758115774155
215,0-260,261-312,7,SNaive,0.07275036284470247,0.008187967248131008,0.09048738723231546,0.657136335210175,1.0
216,0-260,261-312,7,SARIMAX,0.08713144793564839,0.012435894610712227,0.11151634234816091,0.8098525415323622,1.1976771596540996
217,0-260,261-312,7,RF,0.07415750647493098,0.009199186142406968,0.0959123878464454,0.6965337046239882,1.0193420840145127
218,0-260,261-312,7,XGB,0.07373589168523044,0.009288685073594018,0.0963778245946339,0.6999137933670909,1.013546720620923
219,0-260,261-312,7,ENet,0.07003180799537338,0.007928619242586987,0.08904279444506999,0.6466454321228271,0.9626317348391472
220,0-260,261-312,8,SNaive,0.0695754716981132,0.007842665744721637,0.08855882646423019,0.6444042923707417,1.0
221,0-260,261-312,8,SARIMAX,0.0840962665771549,0.011759847551163037,0.10844283079652171,0.7890915951820828,1.208705661990294
222,0-260,261-312,8,RF,0.07575253518558599,0.009615969992409181,0.09806105237253565,0.713547882082398,1.088782200633507
223,0-260,261-312,8,XGB,0.07677674069405899,0.00995724752167297,0.09978600864686878,0.7260996431175455,1.1035029848908817
224,0-260,261-312,8,ENet,0.06953724093444327,0.0078370639653857,0.08852719336670344,0.6441741119963952,0.9994505137696253
225,0-312,313-364,0,SNaive,0.1113933236574746,0.019673200153353235,0.14026118548391509,0.6912111349015109,1.0
226,0-312,313-364,0,SARIMAX,0.15007663385589728,0.03495959216706347,0.18697484367439238,0.9214173789300409,1.347267761911573
227,0-312,313-364,0,RF,0.12501411571573587,0.02758286517150566,0.16608089947825325,0.8184514241610478,1.1222765567184627
228,0-312,313-364,0,XGB,0.124597416193115,0.027602237294050484,0.16613921058573283,0.8187387829669731,1.1185357623069216
229,0-312,313-364,0,ENet,0.12616326307024398,0.027803877203854112,0.16674494656166977,0.8217238671863423,1.1325926808520925
230,0-312,313-364,1,SNaive,0.12255079825834543,0.02656596585152121,0.16299069253034423,0.773819721987302,1.0
231,0-312,313-364,1,SARIMAX,0.14545991536903197,0.03471217649336323,0.18631204065589327,0.8845408855256537,1.1869356824783186
232,0-312,313-364,1,RF,0.13616671040707107,0.03318626980166207,0.1821709905601385,0.8648807062596757,1.1111042305903416
233,0-312,313-364,1,XGB,0.13588469777072418,0.03314739829140288,0.18206426967256065,0.8643740348278678,1.1088030408767309
234,0-312,313-364,1,ENet,0.13285835997643694,0.03047727371256121,0.174577414669141,0.8288292072836394,1.0841084828869287
235,0-312,313-364,2,SNaive,0.11420537010159652,0.02312236424131227,0.15206039668931642,0.7043335349172373,1.0
236,0-312,313-364,2,SARIMAX,0.16213233062468924,0.04030221103825755,0.2007541059063489,0.9298795224838616,1.4196559275667784
237,0-312,313-364,2,RF,0.1484028781809011,0.03469107225727322,0.18625539524339482,0.8627224693962963,1.2994387045800266
238,0-312,313-364,2,XGB,0.14785300051666395,0.034595031249632806,0.18599739581411565,0.8615274333843745,1.2946238901475007
239,0-312,313-364,2,ENet,0.13560620010471586,0.03122093392679261,0.1766944649014015,0.8184368828038028,1.1873889991694897
240,0-312,313-364,3,SNaive,0.12436502177068218,0.0259078819453953,0.16095925554436222,0.7075019270817582,1.0
241,0-312,313-364,3,SARIMAX,0.16573336265612706,0.04431317904803644,0.21050695724378432,0.9252905489056933,1.332636462378661
242,0-312,313-364,3,RF,0.15502095206536184,0.040183618010262,0.2004585194254961,0.8811222959117503,1.24649961748253
243,0-312,313-364,3,XGB,0.15605097993294587,0.04036604237330628,0.20091302191074195,0.8831200771706618,1.2547819130421551
244,0-312,313-364,3,ENet,0.14535060304094002,0.03695378307313142,0.19223366789699306,0.8449696789858261,1.1687418292657348
245,0-312,313-364,4,SNaive,0.13488751814223512,0.032369769559383296,0.179916006957089,0.7845704354014831,1.0
246,0-312,313-364,4,SARIMAX,0.15708677734850188,0.041155639772593205,0.2028685282950345,0.8846608607296125,1.1645760817013346
247,0-312,313-364,4,RF,0.15274201369928872,0.03923509448075775,0.19807850585249717,0.8637727248884213,1.132365809698022
248,0-312,313-364,4,XGB,0.1522513626857035,0.039123448503134824,0.19779648253478832,0.8625428890282858,1.1287283269987864
249,0-312,313-364,4,ENet,0.14694225088914342,0.03708997788390813,0.19258758496826353,0.8398281395135037,1.0893687786159496
250,0-312,313-364,5,SNaive,0.13769956458635704,0.03357768299696032,0.18324214307020184,0.761425324238939,1.0
251,0-312,313-364,5,SARIMAX,0.1785496410793688,0.05212442763703051,0.22830774765003162,0.9486862457949298,1.2966608980625571
252,0-312,313-364,5,RF,0.16699868165943066,0.04870757369275709,0.220697924078948,0.917065177175395,1.212775669705905
253,0-312,313-364,5,XGB,0.16642587306045525,0.04867786983772919,0.2206306185408752,0.9167855027495697,1.2086158264943734
254,0-312,313-364,5,ENet,0.15806204992186665,0.044350398048442236,0.21059534194383844,0.8750859591364022,1.1478761780887075
255,0-312,313-364,6,SNaive,0.1417815674891147,0.0402428149902785,0.20060611902501504,0.8065214646724165,1.0
256,0-312,313-364,6,SARIMAX,0.18770997910789333,0.05850108401208249,0.24186997335775784,0.9724196157169666,1.323937818096875
257,0-312,313-364,6,RF,0.16995952705189785,0.050603789248245205,0.22495286005793572,0.904405663486026,1.198742051324454
258,0-312,313-364,6,XGB,0.17220104445469483,0.05112748513649704,0.226113876479302,0.909073440666603,1.2145517044584488
259,0-312,313-364,6,ENet,0.1657300346471244,0.048937124569645454,0.22121736950259005,0.8893874111584802,1.168911005726103
260,0-312,313-364,7,SNaive,0.15611393323657477,0.041043811786291316,0.20259272392238403,0.7760188285338296,1.0
261,0-312,313-364,7,SARIMAX,0.19410837945535844,0.06289383276438938,0.2507864285889278,0.9606218168048437,1.243376394605387
262,0-312,313-364,7,RF,0.1737802484178042,0.054714645958677505,0.23391161997360777,0.895983911948941,1.1131629625554174
263,0-312,313-364,7,XGB,0.17552197512228404,0.05510989528411618,0.23475496860368297,0.8992143064235585,1.1243197290808014
264,0-312,313-364,7,ENet,0.1744309250337341,0.05449462615242927,0.23344084079789737,0.8941806215969496,1.1173309224705896
265,0-312,313-364,8,SNaive,0.1618287373004354,0.04739658925979681,0.2177075774055575,0.8061835180782218,1.0
266,0-312,313-364,8,SARIMAX,0.19549779684808616,0.06569158358045446,0.2563036940437154,0.9491071290352432,1.2080536504783084
267,0-312,313-364,8,RF,0.17636478711544243,0.0579595228997031,0.24074784090351278,0.8915029217737068,1.089823662085559
268,0-312,313-364,8,XGB,0.17636031375627517,0.05789508318691678,0.24061397130448758,0.8910071950489323,1.0897960195342924
269,0-312,313-364,8,ENet,0.18305834032746443,0.05955362899725706,0.24403612232056357,0.9036796145320434,1.131185618705139
270,0-364,365-389,0,SNaive,0.4752830188679246,0.26112406550373796,0.5110029995056173,0.8570619928417,1.0
271,0-364,365-389,0,SARIMAX,0.48099440480048505,0.2843631128377052,0.5332570795007837,0.8943868738462512,1.0120168104178524
272,0-364,365-389,0,RF,0.48227488074740343,0.2688364585204711,0.5184944151294892,0.8696267089197129,1.0147109440100188
273,0-364,365-389,0,XGB,0.48041987096925953,0.26787283909507165,0.5175643332911104,0.8680667615325586,1.010807985763031
274,0-364,365-389,0,ENet,0.4823396942119876,0.26667658337381567,0.516407381215466,0.8661263039373323,1.01484731215702
275,0-364,365-389,1,SNaive,0.48075471698113204,0.25909576361694553,0.5090145023640736,0.8427918970726619,1.0
276,0-364,365-389,1,SARIMAX,0.503213661513893,0.29676798863862264,0.5447641587316686,0.901983767971835,1.0467160149229329
277,0-364,365-389,1,RF,0.4967405753866431,0.28196865402267035,0.5310072071287454,0.879205934952312,1.033251589305027
278,0-364,365-389,1,XGB,0.4964328096216579,0.2819545284489946,0.5309939062258574,0.8791839122140095,1.032611417187907
279,0-364,365-389,1,ENet,0.48899340223405857,0.2733617981187115,0.5228401267296835,0.8656834338229686,1.0171369826689602
280,0-364,365-389,2,SNaive,0.49,0.26805535777856887,0.517740627900273,0.8443154854989068,1.0
281,0-364,365-389,2,SARIMAX,0.5317225873025875,0.31924368753911786,0.5650165374032143,0.9214115840729342,1.0851481373522194
282,0-364,365-389,2,RF,0.49537889082521397,0.2774026362979831,0.5266902659988916,0.858910279936654,1.0109773282147223
283,0-364,365-389,2,XGB,0.4947394558309384,0.27701644764757793,0.5263235199452689,0.8583122017569002,1.0096723588386498
284,0-364,365-389,2,ENet,0.49715296848663276,0.2779062792504755,0.5271681698001839,0.8596896307510692,1.014597894870679
285,0-364,365-389,3,SNaive,0.4779245283018868,0.2612878248487006,0.511163207643802,0.8503342751136693,1.0
286,0-364,365-389,3,SARIMAX,0.47108595794100616,0.2605542245103901,0.510445123897163,0.849139722741671,0.9856911082066059
287,0-364,365-389,3,RF,0.486100762902236,0.26930628883061125,0.5189472890676,0.8632833120082486,1.0171077944657918
288,0-364,365-389,3,XGB,0.4843516154418577,0.2681785010539515,0.5178595379578825,0.8614738076512171,1.0134479122944515
289,0-364,365-389,3,ENet,0.4834576591793906,0.2669763032027696,0.5166974968032743,0.8595407197292384,1.0115774155747217
290,0-364,365-389,4,SNaive,0.4930188679245283,0.2656950872196511,0.5154561933080746,0.8364720834454366,1.0
291,0-364,365-389,4,SARIMAX,0.5365694612158488,0.312113528171867,0.5586712165235175,0.9066005656995233,1.0883345367179482
292,0-364,365-389,4,RF,0.5060736092848965,0.2834151577203643,0.5323675025021384,0.8639154204719333,1.0264791921966903
293,0-364,365-389,4,XGB,0.5061116903092501,0.2837896771662693,0.5327191353483272,0.8644860432780571,1.0265564326976753
294,0-364,365-389,4,ENet,0.49877976417772757,0.2752622445438849,0.5246544048646546,0.8513987586597276,1.0116849407355362
295,0-364,365-389,5,SNaive,0.4907547169811321,0.27860003559985763,0.5278257625389818,0.8597039156289502,1.0
296,0-364,365-389,5,SARIMAX,0.4793832457946337,0.27153127568582164,0.5210866297323523,0.84872745469621,0.9768286054254358
297,0-364,365-389,5,RF,0.49193236096793647,0.2711884139691735,0.5207575385620198,0.8481914426486494,1.0023996590273214
298,0-364,365-389,5,XGB,0.4892353884285351,0.2696840065705148,0.5193110884340086,0.8458355158882133,0.9969040979128165
299,0-364,365-389,5,ENet,0.4944072930188137,0.27070296887407647,0.5202912346696573,0.8474319433771309,1.0074427731640572
300,0-364,365-389,6,SNaive,0.49377358490566037,0.2728631185475258,0.5223630141458389,0.8466434174229192,1.0
301,0-364,365-389,6,SARIMAX,0.4740130127273012,0.2679316519834979,0.5176211471563907,0.8389578226082173,0.9599804996005717
302,0-364,365-389,6,RF,0.5033978264388632,0.2793259932400401,0.5285130019593086,0.8566112875793074,1.0194912037164596
303,0-364,365-389,6,XGB,0.5050933634194563,0.28132084048497835,0.5303968707345268,0.8596646528724745,1.0229250386408555
304,0-364,365-389,6,ENet,0.49543953495617915,0.2717850930452676,0.5213301190659021,0.8449693061312785,1.0033739148902368
305,0-364,365-389,7,SNaive,0.4843396226415094,0.2634006763972944,0.5132257557813076,0.844750467590351,1.0
306,0-364,365-389,7,SARIMAX,0.46491822013170625,0.2605278793605879,0.5104193171898845,0.8401311742566423,0.959901272574228
307,0-364,365-389,7,RF,0.48495152302811273,0.2657707021699143,0.5155295356911321,0.8485424034667703,1.0012633704904548
308,0-364,365-389,7,XGB,0.4859042273827319,0.26662704617096955,0.516359415689275,0.8499083550165086,1.0032303876620488
309,0-364,365-389,7,ENet,0.485263509186236,0.26317368786192324,0.5130045690458548,0.8443864024667797,1.0019075179926182
310,0-364,365-389,8,SNaive,0.4650943396226415,0.26010056959772165,0.5100005584288332,0.8669028093883309,1.0
311,0-364,365-389,8,SARIMAX,0.44296937976678036,0.2455662905085097,0.4955464564584331,0.8423336174566053,0.9524290923991626
312,0-364,365-389,8,RF,0.47686099303309376,0.2644120299148097,0.514210102890647,0.8740582249263722,1.0252994982050292
313,0-364,365-389,8,XGB,0.47704916360524474,0.26471583603623766,0.5145054285780061,0.874560221765052,1.0257040840193903
314,0-364,365-389,8,ENet,0.46418016891158137,0.2515762658971548,0.5015737890850706,0.8525789230759697,0.9980344402561384
